[
    {
        "id": "31",
        "path": "assets/decor/santa.svg",
        "x": "570",
        "y": "310",
        "isOpted": false,
        "width": "230",
        "height": "230"
    },
    {
        "id": "1",
        "path": "assets/decor/angel.svg",
        "x": "425",
        "y": "80",
        "isOpted": false,
        "width": "55",
        "height": "55"
    },
    {
        "id": "2",
        "path": "assets/decor/bell.svg",
        "x": "415",
        "y": "120",
        "isOpted": false,
        "width": "45",
        "height": "45"
    },
    {
        "id": "3",
        "path": "assets/decor/candy1.svg",
        "x": "380",
        "y": "335",
        "isOpted": false,
        "width": "45",
        "height": "45"
    },
    {
        "id": "4",
        "path": "assets/decor/bell2.svg",
        "x": "515",
        "y": "325",
        "isOpted": false,
        "width": "40",
        "height": "40"
    },
    {
        "id": "5",
        "path": "assets/decor/snowflake.svg",
        "x": "450",
        "y": "340",
        "isOpted": false,
        "width": "35",
        "height": "35"
    },
    {
        "id": "6",
        "path": "assets/decor/angel.svg",
        "x": "505",
        "y": "405",
        "isOpted": false,
        "width": "55",
        "height": "55"
    },
    {
        "id": "7",
        "path": "assets/decor/ornament2.svg",
        "x": "345",
        "y": "295",
        "isOpted": false,
        "width": "30",
        "height": "30"
    },
    {
        "id": "9",
        "path": "assets/decor/ornament4.svg",
        "x": "480",
        "y": "155",
        "isOpted": false,
        "width": "30",
        "height": "30"
    },
    {
        "id": "25",
        "path": "assets/decor/ornament5.svg",
        "x": "450",
        "y": "435",
        "isOpted": false,
        "width": "30",
        "height": "30"
    },
    {
        "id": "10",
        "path": "assets/decor/ornament1.svg",
        "x": "375",
        "y": "235",
        "isOpted": false,
        "width": "30",
        "height": "30"
    },
    {
        "id": "12",
        "path": "assets/decor/ribbon.svg",
        "x": "400",
        "y": "275",
        "isOpted": false,
        "width": "40",
        "height": "40"
    },
    {
        "id": "13",
        "path": "assets/decor/sock.svg",
        "x": "470",
        "y": "285",
        "isOpted": false,
        "width": "35",
        "height": "35"
    },
    {
        "id": "14",
        "path": "assets/decor/star.svg",
        "x": "510",
        "y": "260",
        "isOpted": false,
        "width": "30",
        "height": "30"
    },
    {
        "id": "15",
        "path": "assets/decor/teddy.svg",
        "x": "440",
        "y": "205",
        "isOpted": false,
        "width": "45",
        "height": "45"
    },
    {
        "id": "16",
        "path": "assets/decor/gingerbread.svg",
        "x": "390",
        "y": "175",
        "isOpted": false,
        "width": "45",
        "height": "45"
    },
    {
        "id": "17",
        "path": "assets/decor/gingerbread1.svg",
        "x": "350",
        "y": "400",
        "isOpted": false,
        "width": "45",
        "height": "45"
    },
    {
        "id": "18",
        "path": "assets/decor/goldtree.svg",
        "x": "420",
        "y": "385",
        "isOpted": false,
        "width": "40",
        "height": "40"
    },
    {
        "id": "19",
        "path": "assets/decor/candy.svg",
        "x": "480",
        "y": "385",
        "isOpted": false,
        "width": "40",
        "height": "40"
    },
    {
        "id": "20",
        "path": "assets/decor/candy1.svg",
        "x": "490",
        "y": "215",
        "isOpted": false,
        "width": "40",
        "height": "40"
    },
    {
        "id": "11",
        "path": "assets/decor/present4.svg",
        "x": "320",
        "y": "460",
        "isOpted": false,
        "width": "55",
        "height": "55"
    },
    {
        "id": "26",
        "path": "assets/decor/santa-claus-cart.svg",
        "x": "325",
        "y": "355",
        "isOpted": false,
        "width": "45",
        "height": "45"
    },
    {
        "id": "21",
        "path": "assets/decor/present3.svg",
        "x": "470",
        "y": "470",
        "isOpted": false,
        "width": "55",
        "height": "55"
    },
    {
        "id": "23",
        "path": "assets/decor/present1.svg",
        "x": "530",
        "y": "460",
        "isOpted": false,
        "width": "55",
        "height": "55"
    },
    {
        "id": "24",
        "path": "assets/decor/present.svg",
        "x": "375",
        "y": "470",
        "isOpted": false,
        "width": "55",
        "height": "55"
    },
    {
        "id": "22",
        "path": "assets/decor/present2.svg",
        "x": "410",
        "y": "480",
        "isOpted": false,
        "width": "95",
        "height": "95"
    },
    {
        "id": "27",
        "path": "assets/decor/present.svg",
        "x": "510",
        "y": "495",
        "isOpted": false,
        "width": "55",
        "height": "55"
    },
    {
        "id": "28",
        "path": "assets/decor/present4.svg",
        "x": "570",
        "y": "490",
        "isOpted": false,
        "width": "55",
        "height": "55"
    },
    {
        "id": "30",
        "path": "assets/decor/present3.svg",
        "x": "345",
        "y": "500",
        "isOpted": false,
        "width": "55",
        "height": "55"
    },
    {
        "id": "8",
        "path": "assets/decor/bell1.svg",
        "x": "560",
        "y": "375",
        "isOpted": false,
        "width": "40",
        "height": "40"
    },
    {
        "id": "32",
        "path": "assets/decor/snowman.svg",
	"x": "120",
        "y": "340",
        "isOpted": false,
        "width": "200",
        "height": "200"
    },
    {
        "id": "29",
        "path": "assets/decor/present1.svg",
        "x": "280",
        "y": "490",
        "isOpted": false,
        "width": "55",
        "height": "55"
    },
    {
        "id": "33",
        "path": "assets/decor/reindeer.svg",
        "x": "730",
        "y": "400",
        "isOpted": false
    },
    {
        "id": "34",
        "path": "assets/decor/christ.svg",
        "x": "330",
        "y": "40",
        "isOpted": false,
        "width": "70",
        "height": "70"
    },
    {
        "id": "35",
        "path": "assets/decor/star1.svg",
        "x": "520",
        "y": "40",
        "isOpted": false,
        "width": "70",
        "height": "70"
    },
    {
        "id": "36",
        "path": "assets/decor/mistletoe.svg",
        "x": "80",
        "y": "100",
        "isOpted": false,
        "width": "75",
        "height": "75"
    },
    {
        "id": "37",
        "path": "assets/decor/star2.svg",
        "x": "655",
        "y": "10",
        "isOpted": false,
        "width": "55",
        "height": "55"
    },
    {
        "id": "38",
        "path": "assets/decor/penguin1.svg",
        "x": "890",
        "y": "370",
        "isOpted": false,
        "width": "45",
        "height": "45"
    },
    {
        "id": "39",
        "path": "assets/decor/gingerbread-man.svg",
        "x": "970",
        "y": "280",
        "isOpted": false,
        "width": "45",
        "height": "45"
    },
    {
        "id": "40",
        "path": "assets/decor/elf.svg",
        "x": "795",
        "y": "270",
        "isOpted": false,
        "width": "55",
        "height": "55"
    },
    {
        "id": "41",
        "path": "assets/decor/elf baby.svg",
        "x": "30",
        "y": "180",
        "isOpted": false,
        "width": "55",
        "height": "55"
    },
    {
        "id": "42",
        "path": "assets/decor/dove.svg",
        "x": "800",
        "y": "75",
        "isOpted": false,
        "width": "55",
        "height": "55"
    },
    {
        "id": "43",
        "path": "assets/decor/candle.svg",
        "x": "240",
        "y": "260",
        "isOpted": false,
        "width": "55",
        "height": "55"
    },
    {
        "id": "44",
        "path": "assets/decor/stars4.svg",
        "x": "975",
        "y": "100",
        "isOpted": false,
        "width": "45",
        "height": "45"
    },
    {
        "id": "45",
        "path": "assets/decor/elf boy.png",
        "x": "110",
        "y": "260",
        "isOpted": false,
        "width": "50",
        "height": "50"
    },
    {
        "id": "46",
        "path": "assets/decor/star5.svg",
        "x": "220",
        "y": "20",
        "isOpted": false,
        "width": "50",
        "height": "50"
    },
    {
        "id": "47",
        "path": "assets/decor/deer1.svg",
        "x": "875",
        "y": "260",
        "isOpted": false,
        "width": "75",
        "height": "75"
    },
    {
        "id": "48",
        "path": "assets/decor/snow-globe.svg",
        "x": "900",
        "y": "180",
        "isOpted": false,
        "width": "60",
        "height": "60"
    },
    {
        "id": "49",
        "path": "assets/decor/dome.svg",
        "x": "-40",
        "y": "250",
        "isOpted": false,
        "width": "65",
        "height": "65"
    },
    {
        "id": "50",
        "path": "assets/decor/holy-kings.svg",
        "x": "40",
        "y": "330",
        "isOpted": false,
        "width": "80",
        "height": "80"
    }
]